{
    "accuracy": 0.9333333333333333,
    "classification_report": {
        "Billing inquiry": {
            "precision": 1.0,
            "recall": 1.0,
            "f1-score": 1.0,
            "support": 3.0
        },
        "Cancellation request": {
            "precision": 1.0,
            "recall": 1.0,
            "f1-score": 1.0,
            "support": 3.0
        },
        "Product inquiry": {
            "precision": 1.0,
            "recall": 0.6666666666666666,
            "f1-score": 0.8,
            "support": 3.0
        },
        "Refund request": {
            "precision": 1.0,
            "recall": 1.0,
            "f1-score": 1.0,
            "support": 3.0
        },
        "Technical issue": {
            "precision": 0.75,
            "recall": 1.0,
            "f1-score": 0.8571428571428571,
            "support": 3.0
        },
        "accuracy": 0.9333333333333333,
        "macro avg": {
            "precision": 0.95,
            "recall": 0.9333333333333332,
            "f1-score": 0.9314285714285713,
            "support": 15.0
        },
        "weighted avg": {
            "precision": 0.95,
            "recall": 0.9333333333333333,
            "f1-score": 0.9314285714285714,
            "support": 15.0
        }
    },
    "confusion_matrix": [
        [
            3,
            0,
            0,
            0,
            0
        ],
        [
            0,
            3,
            0,
            0,
            0
        ],
        [
            0,
            0,
            2,
            0,
            1
        ],
        [
            0,
            0,
            0,
            3,
            0
        ],
        [
            0,
            0,
            0,
            0,
            3
        ]
    ]
}